language_no,language_name,stimulus_no,status,causal_marker,sentence,glosses_en,back_translation_en,glosses_ru,back_translation_ru,comments,comments_informal
38,Moksha,1,main,ezda_GEN,ruс'ɛ-s' načk-s' s'el'məvet'-t'n'ə-n' ezdə ,handkerchief-DEF.SG get_wet-PST.3[SG] tear-DEF.PL-GEN in.ABL,The handkerchief got wet from tears.,платок-DEF.SG намокнуть-PST.3[SG] слеза-DEF.PL-GEN в.ABL,Платок намок от слез.,,
38,Moksha,1,alternate,EL,ruс'ɛ-s' načk-s' sel'məvectə ,handkerchief-DEF.SG get_wet-PST.3[SG] tear.EL,The handkerchief got wet from tears.,платок-DEF.SG намокнуть-PST.3[SG] слеза.EL,Платок намок от слез.,,
38,Moksha,1,alternate,n.a.,s'el'məvet'-t'n'ə nač-ft-əz'ə ruc'ɛ-t',tear-DEF.PL get_wet-CAUS-PST.3SG.O.3SG.S handkerchief-DEF.SG.GEN,The tears wet the handkerchief.,слеза-DEF.PL намокнуть-CAUS-PST.3SG.O.3SG.S платок-DEF.SG.GEN,Слезы намочили платок.,,
38,Moksha,2,main,ezda_GEN,tarac' s'in'd'-əv-s' staka-t' ezdə,branch break-PASS-PST.3[SG] weight-DEF.SG.GEN in.ABL,The branch broke under the weight.,ветка сломать-PASS-PST.3[SG] тяжесть-DEF.SG.GEN в.ABL,Ветка сломалась от тяжести.,,
38,Moksha,2,alternate,inksa_GEN,tarac' s'in'd'-əv-s' staka-t' inksə,branch break-PASS-PST.3[SG] weight-DEF.SG.GEN because_of,The branch broke under the weight.,ветка сломать-PASS-PST.3[SG] тяжесть-DEF.SG.GEN из-за,Ветка сломалась от тяжести.,,
38,Moksha,2,alternate,DAT,staka-t'i s'in'd'-əv-s' tarac',weight-DEF.SG.DAT break-PASS-PST.3[SG] branch.DEF.SG,The branch broke due to the weight.,тяжесть-DEF.SG.DAT сломать-PASS-PST.3[SG] ветка.DEF.SG,Под тяжестью сломалась ветка.,,
38,Moksha,2,alternate,n.a.,vederka moda-s' povfta-l' tarat-t'I i t'ɛ staka-s' s'in'd'-əz’ə tarat-t',bucket earth-DEF.SG hang-IMPF[3SG] branch-DAT and this weight-DEF.SG break-PST.3SG.O.3SG.S branch-DEF.SG.GEN,The branch broke under the weight.,ведерко земля-DEF.SG повесить-IMPF[3SG] ветка-DAT и этот тяжесть-DEF.SG сломать-PST.3SG.O.3SG.S ветка-DEF.SG.GEN,Ветка сломалась от тяжести.,,
38,Moksha,3,main,ezda_GEN,ava-s' koz-i kačam-t' ezdə,woman-DEF.SG cough-NPST.3[SG] smoke-DEF.SG.GEN in.ABL,The woman is coughing because of the smoke.,женщина-DEF.SG кашлять-NPST.3[SG] дым-DEF.SG.GEN в.ABL,Женщина кашляет от дыма.,,
38,Moksha,3,alternate,n.a.,kačam-s' koz-ft-əz'ə ava-t' ,smoke-DEF.SG.NOM cough-CAUS-PST.3SG.O.3SG.S woman-DEF.SG.GEN,The smoke made the woman cough.,дым-DEF.SG.NOM кашлять-CAUS-PST.3SG.O.3SG.S женщина-DEF.SG.GEN,Дым заствил женщину кашлять.,This translation is not included in the database because the expected causal noun phrase is expressed as the grammatical subject.,
38,Moksha,3,alternate,n.a.,koz-ft-əz'ə ava-t' kačam-s' ,cough-CAUS-PST.3SG.O.3SG.S woman-DEF.SG.GEN smoke-DEF.SG.NOM,The smoke made the woman cough.,кашлять-CAUS-PST.3SG.O.3SG.S женщина-DEF.SG.GEN дым-DEF.SG.NOM,Дым заствил женщину кашлять.,This translation is not included in the database because the expected causal noun phrase is expressed as the grammatical subject.,
38,Moksha,4,main,ezda_GEN,šopəda-t' ezdə af n'ɛj-sas'k berɛg-t',darkness-DEF.SG.GEN darkness in.ABL see-NPST.3.O.1PL.S shore-DEF.SG.GEN,"Because of the darkness, we can’t see the shore.",темнота-DEF.SG.GEN в.ABL NEG видеть-NPST.3.O.1PL.S берег-DEF.SG.GEN,Из-за темноты мы не видим берег .,,
38,Moksha,4,alternate,EL,berəg-s' šopəda-stə af n'ɛj-əv-i ,shore-DEF.SG darkness-EL darkness-EL see-PASS-NPST.3[SG],The shore is not visible in the darkness.,берег-DEF.SG темнота-EL NEG видеть-PASS-NPST.3[SG],Берег не виден из темноты/в темноте.,,
38,Moksha,4,alternate,EL,šopəda-stə berəg-s' af n'ɛj-əv-i,darkness-EL shore-DEF.SG NEG see-PASS-NPST.3[SG],"In the darkness, we can’t see the shore.",темнота-EL берег-DEF.SG NEG видеть-PASS-NPST.3[SG],В темноте мы не видим берег.,,
38,Moksha,4,alternate,EL,t'ej-nək bereg-s' af n'ɛj-əv-i šopəda-stə,PRON.DAT-1PL.POSS shore-DEF.SG NEG see-PASS-NPST.3[SG] darkness-EL,We can’t see the shore because of the darkness.,PRON.DAT-1PL.POSS берег-DEF.SG NEG видеть-PASS-NPST.3[SG] темнота-EL,Мы не видим берег из-за темноты.,,
38,Moksha,4,alternate,inksa_GEN,t'ej-nək bereg-s' af n'ɛj-əv-i šopəda-t' inksə ,PRON.DAT-1PL.POSS shore-DEF.SG NEG see-PASS-NPST.3[SG] darkness-DEF.SG.GEN in.ABL,We can’t see the shore because of the darkness.,PRON.DAT-1PL.POSS берег-DEF.SG NEG видеть-PASS-NPST.3[SG] темнота-DEF.SG.GEN в.ABL,Мы не видим берег из-за темноты.,,
38,Moksha,5,main,n.a.,al'ɛ-t' pɛksta-z' ɛl'bɛd'-əm-ga ,man-DEF.SG.GEN close-PST.3.O.3PL.S make_mistakes-INF-PROL,The man was arrested by mistake.,мужчина-DEF.SG.GEN закрыть-PST.3.O.3PL.S ошибаться-INF-PROL,"Мужчину арестовали, ошибившись.","This translation is not included in the database because the causing event is expressed as a dependent clause, not a noun phrase.",
38,Moksha,6,main,ezda_GEN,šufc' pra-s' varma-t' ezdə,tree fell-PST.3[SG] wind-DEF.SG.GEN in.ABL,The tree fell from the wind.,дерево упасть-PST.3[SG] ветер-DEF.SG.GEN в.ABL,Дерево упало от ветра.,,
38,Moksha,6,alternate,inksa_GEN,šufc' pra-s' varma-t' inksə,tree fell-PST.3[SG] wind-DEF.SG.GEN because_of,The tree fell from the wind.,дерево упасть-PST.3[SG] ветер-DEF.SG.GEN из-за,Дерево упало от ветра.,,
38,Moksha,6,alternate,n.a.,šuft praft-əz'ə varma-s',tree fell-CAUS-PST.3SG.O.3SG.S wind-DEF.SG,The wind knocked down the tree.,дерево упасть-CAUS-PST.3SG.O.3SG.S ветер-DEF.SG,Ветер завалил дерево.,This translation is not included in the database because the expected causal noun phrase is expressed as the grammatical subject.,
38,Moksha,6,alternate,EL,varma-stə šufc' vajɛ j,wind-EL tree.DEF.SG be_falling-NPST.3[SG],The tree falls from the wind.,ветер-EL дерево.DEF.SG валиться-NPST.3[SG],От ветра валится дерево.,,
38,Moksha,7,main,ezda_GEN,al'ɛ-s' kulə-s' tok-t' ezdə,man-DEF.SG die-PST.3[SG] current-DEF.SG.GEN in.ABL,The man died due to electric shock.,мужчина-DEF.SG умереть-PST.3[SG] ток-DEF.SG.GEN в.ABL,Мужчина погиб из-за тока.,,
38,Moksha,7,alternate,n.a.,al'ɛ-t' šav-əz'ə tok-s' srazu,man-DEF.SG.GEN kill-PST.3SG.O.3SG.S current-DEF.SG immediately,The man was killed by electric shock immediately.,мужчина-DEF.SG.GEN убить-PST.3SG.O.3SG.S ток-DEF.SG сразу,Мужчину убил ток сразу.,,
38,Moksha,7,alternate,inksa_GEN,al'ɛ-s' kulə-s' tok-t' inksə,man-DEF.SG die-PST.3[SG] current-DEF.SG.GEN because_of,The man died due to electric shock.,мужчина-DEF.SG умереть-PST.3[SG] ток-DEF.SG.GEN из-за,Мужчина погиб из-за тока.,,
38,Moksha,7,alternate,inksa_GEN,al'ɛ-s' kulə-s' tok-t' ɛr̥'t'-əma-nc inksə,man-DEF.SG die-PST.3[SG] current-DEF.SG.GEN hit-NZR-3SG.POSS.SG.GEN because_of,The man died from an electric shock.,мужчина-DEF.SG умереть-PST.3[SG] ток-DEF.SG.GEN ударить-NZR-3SG.POSS.SG.GEN из-за,Мужчина погиб от удара тока.,,
38,Moksha,8,main,ezda_GEN,ava-s' sərgəz'-s' krik-t' ezdə,woman-DEF.SG.GEN wake_up-PST.3[SG] scream-DEF.SG.GEN in.ABL,The woman woke up from a scream.,женщина-DEF.SG.GEN проснуться-PST.3[SG] крик-DEF.SG.GEN в.ABL,Женщина проснулась от крика.,,
38,Moksha,8,alternate,inksa_GEN,ava-s' sərgəz'-s' krik-t' inksə ,woman-DEF.SG.GEN wake_up-PST.3[SG] scream-DEF.SG.GEN because_of,The woman woke up from a scream.,женщина-DEF.SG.GEN проснуться-PST.3[SG] крик-DEF.SG.GEN из-за,Женщина проснулась от крика.,,
38,Moksha,8,alternate,CSL,krik-ənksə son sərgəz'-s',scream-CLS he wake_up-PST.3[SG],He woke up because of the scream.,крик-CLS он проснуться-PST.3[SG],Он проснулся из-за крика.,,
38,Moksha,8,alternate,DAT,ava-s' krik-ti sərgəz'-s',woman-DEF.SG scream-DAT wake_up-PST.3[SG],The woman woke up from a scream.,женщина-DEF.SG крик-DAT проснуться-PST.3[SG],Женщина проснулась от крика.,,
38,Moksha,9,main,ezda_GEN,al'ɛ-t' poza-t' ezdə s'ɛr'ɛd'-i pr'a-c ,man-DEF.SG.GEN beer-DEF.SG.GEN in.ABL get_sick-NPST.3[SG] head-3SG.POSS.SG,The man has a headache from beer.,мужчина-DEF.SG.GEN пиво-DEF.SG.GEN в.ABL болеть-NPST.3[SG] голова-3SG.POSS.SG,У мужчины от пива болит голова.,,
38,Moksha,10,main,inksa_GEN,ava-s' raka-s' pin'ə l'efks-t' inksə ,woman-DEF.SG laugh-PST.3[SG] dog young-DEF.SG.GEN because_of,The woman laughed because of the puppy.,женщина-DEF.SG смеяться-PST.3[SG] собака детеныш-DEF.SG.GEN из-за,Женщина рассмеялась из-за щенка.,,
38,Moksha,11,main,ezda_GEN,al'ɛ-s' kulə-s' jadəvaj kal-t' ezdə kal-t' ezdə kaftə častə mel'ə,man-DEF.SG die-PST.3[SG] poisonous fish-DEF.SG.GEN because_of two time.EL after.LOC,The man died from poisonous fish two hours later.,мужчина-DEF.SG умереть-PST.3[SG] ядовитый рыба-DEF.SG.GEN из-за два час.EL после.LOC,Мужчина умер от ядовитой рыбы спустя два часа.,,
38,Moksha,12,main,DAT,st'ər'-n'ɛ-s' god'a-v-s' es' otmetka-ncti,young_woman-DIM-DEF.SG to_please-PASS-PST.3[SG] own mark-3SG.POSS.SG.DAT,The girl is happy with her grade.,девушка-DIM-DEF.SG угодить-PASS-PST.3[SG] свой отметка-3SG.POSS.SG.DAT,Девочка довольна своей оценкой.,,
38,Moksha,12,alternate,ezda_GEN,st'ər'-n'ɛ-s' god'a-v-s' es' otmetka-nc ezdə,young_woman-DIM-DEF.SG to_please-PASS-PST.3[SG] own mark-3SG.POSS.SG.GEN in.ABL,The girl is happy because of her grade.,девушка-DIM-DEF.SG угодить-PASS-PST.3[SG] свой отметка-3SG.POSS.SG.GEN в.ABL,Девочка довольна из-за своей оценки.,,
38,Moksha,12,alternate,inksa_GEN,es' otmetka-nc inksə stern'ɛ-s' god'a-v-s' ,own mark-3SG.POSS.SG.GEN because_of young_woman-DIM-DEF.SG please-PASS-PST.3[SG],The girl is happy because of her grade.,свой отметка-3SG.POSS.SG.GEN из-за девушка-DIM-DEF.SG угодить-PASS-PST.3[SG],Девочка довольна из-за своей оценки.,,
38,Moksha,13,main,inksa_GEN,ava-s' kɛžijɛ-s' mər'd'-ənc val-ənc inksə,woman-DEF.SG get_angry-PST.3[SG] husband-3SG.POSS.SG.GEN word-3SG.POSS.SG.GEN in.ABL,The wife got angry because of her husband’s words.,женщина-DEF.SG злиться-PST.3[SG] муж-3SG.POSS.SG.GEN слово-3SG.POSS.SG.GEN в.ABL,Жена рассердилась из-за слов мужа.,,
38,Moksha,13,alternate,ezda_GEN,ava-s' kɛžijɛ-s' mər'd'-ənc ezdə,woman-DEF.SG get_angry-PST.3[SG] husband-3SG.POSS.SG.GEN in.ABL,The wife got angry because of her husband.,женщина-DEF.SG злиться-PST.3[SG] муж-3SG.POSS.SG.GEN в.ABL,Жена рассердилась из-за мужа.,,
38,Moksha,13,alternate,inksa_GEN,ava-s' kɛžijɛ-s' mər'd'-ənc inksə,woman-DEF.SG get_angry-PST.3[SG] husband-3SG.POSS.SG.GEN because_of,The wife got angry because of her husband.,женщина-DEF.SG злиться-PST.3[SG] муж-3SG.POSS.SG.GEN из-за,Жена рассердилась из-за мужа.,,
38,Moksha,13,alternate,DAT,ava-s' mər'd’-ənc val-əncti kɛžijɛ-s’,woman-DEF.SG husband-3SG.POSS.SG.GEN word-3SG.POSS.SG.DAT get_angry-PST.3[SG],The wife got angry at her husband’s words.,женщина-DEF.SG муж-3SG.POSS.SG.GEN слово-3SG.POSS.SG.DAT злиться-PST.3[SG],Жена рассердилась на слова мужа.,,
38,Moksha,13,alternate,n.a.,al'ɛ-t' val-ənzə kɛžja-ft-əz'ə ava-t',woman-DEF.SG.GEN word-3SG.POSS.PL get_angry-PST.3[SG] husband-3SG.POSS.SG.GEN,The husband’s words angered the woman.,женщина-DEF.SG.GEN слово-3SG.POSS.PL злиться-PST.3[SG] муж-3SG.POSS.SG.GEN,Слова мужа разозлили женщину.,,
38,Moksha,14,main,CSL,с'ora-n'a-с t'ɛ-nksə pɛk ken'ɛr'c' ,boy-DIM-3SG.POSS.SG this-CSL very rejoice.PST.3[SG],The boy was very happy because of this.,парень-DIM-3SG.POSS.SG этот-CSL очень радоваться.PST.3[SG],Мальчик этому (из-за этого) очень обрадовался.,,
38,Moksha,14,alternate,mela_ABL,c'ora-n'a-c t'ɛ kor̥ta-ma-də mel'ə pɛk ken'ɛr'tə-s' ,boy-DIM-3SG.POSS.SG this-CSL speak-NZR-ABL after very rejoice.PST.3[SG],The boy was happy because of this conversation.,парень-DIM-3SG.POSS.SG этот-CSL говорить-NZR-ABL после очень радоваться.PST.3[SG],Мальчик обрадовался от этого разговора.,,
38,Moksha,14,alternate,inksa_GEN,c'ora-n'a-c pɛk ken'ɛr'с' tə-s' kor̥ta-ma-t' inksə,boy-DIM-3SG.POSS.SG very rejoice.PST.3[SG] this-CSL speak-NZR-DEF.SG.GEN because_of,The boy was happy because of this conversation.,парень-DIM-3SG.POSS.SG очень радоваться.PST.3[SG] этот-CSL говорить-NZR-DEF.SG.GEN из-за,Мальчик обрадовался из-за этого разговора.,,
38,Moksha,15,main,CSL,al'ɛ-s' slabaj-gəc' vačəši-nksə,man-DEF.SG weak-INCP.PST.3[SG] famine-CSL,The man weakened from hunger.,мужчина-DEF.SG слабый-INCP.PST.3[SG] голод-CSL,Мужчина ослабел от голода.,,
38,Moksha,15,alternate,CSL,al'ɛ-s' slabaj-gəc' vačədə ašč-əma-nksə,man-DEF.SG weak-INCP.PST.3[SG] hungry be-NZR-CSL,The man weakened from hunger.,мужчина-DEF.SG слабый-INCP.PST.3[SG] голодный находиться-NZR-CSL,Мужчина ослабел от голода.,,
38,Moksha,15,alternate,ezda_GEN,al'ɛ-s' slabaj-gəc' vačəši-t' ezdə,man weak-INCP.PST.3[SG] famine-DEF.SG.GEN in.ABL,The man weakened from hunger.,мужчина слабый-INCP.PST.3[SG] голод-DEF.SG.GEN в.ABL,Мужчина ослабел от голода.,,
38,Moksha,16,main,n.a.,al'ɛ-s' kulə-s' vačədə ,man-DEF.SG die-PST.3[SG] hungry,The man died hungry.,мужчина-DEF.SG умереть-PST.3[SG] голодный,Мужчина умер голодный.,"This translation is not included in the database because the causing event is expressed as an adverb, not a nominal phrase.",
38,Moksha,16,alternate,CSL,al'ɛ-s' kulə-s' vačəši-nksə,man-DEF.SG die-PST.3[SG] famine-CLS,The man died from hunger.,мужчина-DEF.SG умереть-PST.3[SG] голод-CLS,Мужчина умер от голода.,,
38,Moksha,17,main,ezda_GEN,al'ɛ-s' ivad'-i mar'ɛj-t' ezdə,man-DEF.SG scream-NPST.3[SG] pain-DEF.SG.GEN in.ABL,The man is screaming from pain.,мужчина-DEF.SG кричать-NPST.3[SG] боль-DEF.SG.GEN в.ABL,Мужчина кричит от боли.,,
38,Moksha,17,alternate,inksa_GEN,al'ɛ-s' ivad'-i mar'ɛj-t' inksə ,man-DEF.SG scream-NPST.3[SG] pain-DEF.SG.GEN because_of,The man is screaming from pain.,мужчина-DEF.SG кричать-NPST.3[SG] боль-DEF.SG.GEN из-за,Мужчина кричит от боли.,,
38,Moksha,18,main,ezda_GEN,ava-s' kalg-i jakšam-t' ezdə,woman-DEF.SG shake-NPST.3[SG] cold-DEF.SG.GEN in.ABL,The woman is trembling from the cold.,женщина-DEF.SG трястись-NPST.3[SG] холод-DEF.SG.GEN в.ABL,Женщина дрожит от холода.,,
38,Moksha,18,alternate,inksa_GEN,ava-s' kalg-i jakšam-t' inksə,woman-DEF.SG shake-NPST.3[SG] cold-DEF.SG.GEN because_of,The woman is trembling from the cold.,женщина-DEF.SG трястись-NPST.3[SG] холод-DEF.SG.GEN из-за,Женщина дрожит от холода.,,
38,Moksha,18,alternate,EL,ava-s' kalg-i jakšam-stə,woman-DEF.SG shake-NPST.3[SG] cold-EL,The woman is trembling in the cold.,женщина-DEF.SG трястись-NPST.3[SG] холод-EL,Женщина дрожит в холоде.,,
38,Moksha,18,alternate,CSL,jakšam-ənksə ava-s' af mol-i kov-gə,cold-CLS woman-DEF.SG woman-DEF.SG go-NPST.3[SG] where-ADD,"In the cold, the woman won’t go anywhere.",холод-CLS женщина-DEF.SG NEG идти-NPST.3[SG] куда-ADD,В холод женщина никуда не пойдет.,,
38,Moksha,19,main,ezda_GEN,ic' avar'-gəc' stras't'-t' ezdə,child.DEF.SG cry-INCP.PST.3[SG] fear.DEF.SG.GEN in.ABL,The child cried from fear.,ребенок.DEF.SG плакать-INCP.PST.3[SG] страх.DEF.SG.GEN в.ABL,Ребенок заплакал от страха.,,
38,Moksha,19,alternate,CSL,ɛvəd'-əma-nksə it' avar'c' ,be_scared-NZR-CSL child cry.PST.3[SG],"Because of fright, the child cried.",испугаться-NZR-CSL ребенок плакать.PST.3[SG],Из-за испуга ребенок плакал.,,
38,Moksha,19,alternate,DAT,ɛvad'-əma-ti it' avar'd'-i ,frighten-NZR-DEF.SG.DAT child cry-NPST.3[SG],"Because of fright, the child cried.",испугаться-NZR-DEF.SG.DAT ребенок плакать-NPST.3[SG],Из-за испуга ребенок плакал.,,
38,Moksha,19,alternate,n.a.,stras't'-s' avar'-ft-əz'ə it'-t' ,fear-DEF.SG cry-CAUS-PST.3SG.O.3SG.S child-DEF.SG.GEN,Fear made the child cry.,страх-DEF.SG плакать-CAUS-PST.3SG.O.3SG.S ребенок-DEF.SG.GEN,Страх заставил ребенка заплакать.,This translation is not included in the database because the expected causal noun phrase is expressed as the grammatical subject.,
38,Moksha,20,main,ezda_GEN,it'-n'ɛ-s' raka-z'əv-s' ken'ɛr'd'-əma-t' ezdə,child-DIM-DEF.SG laugh-INCH-PST.3[SG] rejoice-NZR-DEF.SG.GEN in.ABL,The child laughed from joy.,ребенок-DIM-DEF.SG смеяться-INCH-PST.3[SG] радоваться-NZR-DEF.SG.GEN в.ABL,Ребенок рассмеялся от радости.,,
38,Moksha,20,alternate,CSL,it'-n'ɛ-s' raka-z'əv-s' ken'ɛr'd'-əma-nksə,child-DIM-DEF.SG laugh-INCH-PST.3[SG] rejoice-NZR-CSL,The child laughed from joy.,ребенок-DIM-DEF.SG смеяться-INCH-PST.3[SG] радоваться-NZR-CSL,Ребенок рассмеялся от радости.,,
38,Moksha,20,alternate,n.a.,ken'ɛr'd'-əma-s' raka-ft-əz'ə it'-t' ,rejoice-NZR-DEF.SG laugh-CAUS-PST.3SG.O.3SG.S child-DEF.SG.GEN,Joy makes the child laugh.,радоваться-NZR-DEF.SG смеяться-CAUS-PST.3SG.O.3SG.S ребенок-DEF.SG.GEN,Радость заставляет ребенка смеяться.,This translation is not included in the database because the expected causal noun phrase is expressed as the grammatical subject.,
38,Moksha,21,main,ezda_GEN,ic' stras't'-t' ezdə kɛš-s' latal-u ,child fear-DEF.SG.GEN in.ABL hide-NPST.3[SG] hostess-LAT,The child hid in the barn out of fear.,"ребенок страх-DEF.SG.GEN в.ABL прятать-NPST.3[SG] 
farm_building-LAT",Ребенок от страха спрятался в сарае.,,
38,Moksha,22,main,csl,al'ɛ-s' istəvajši-nksə mez'-gə iz' kor̥tə,man-DEF.SG smart-CSL what-ADD what-ADD speak.CN,"The man said nothing out of ""correctness.""",мужчина-DEF.SG умный-CSL что-ADD NEG.PST.3[SG] говорить.CN,"Мужчина ничего не сказал из ""правильности"".",,
38,Moksha,23,main,ezda_GEN,ava-s' stras't'-t' ezdə fat'ɛ-z'ə brad-ənc kɛc'tə,woman-DEF.SG fear-DEF.SG.GEN in.ABL grab-PST.3SG.O.3SG.S brother-3SG.POSS.SG.GEN hand.EL,The woman grabbed her brother’s hand in fear.,женщина-DEF.SG страх-DEF.SG.GEN в.ABL схватить-PST.3SG.O.3SG.S брат-3SG.POSS.SG.GEN рука.EL,Женщина в страхе схватила руку брата.,,
38,Moksha,23,alternate,inksa_GEN,ava-s' stras't'-t' inksə fat'ɛ-z'ə brad-ənc kɛc'tə,woman-DEF.SG fear-DEF.SG.GEN because_of grab-PST.3SG.O.3SG.S brother-3SG.POSS.SG.GEN hand.EL,The woman grabbed her brother’s hand in fear.,женщина-DEF.SG страх-DEF.SG.GEN из-за схватить-PST.3SG.O.3SG.S брат-3SG.POSS.SG.GEN рука.EL,Женщина в страхе схватила руку брата.,,
38,Moksha,24,main,ezda_GEN,ava-s' siz'ə-s' rabota-t' ezdə ,woman-DEF.SG get_tired-PST.3[SG] work-DEF.SG.GEN in.ABL,The woman is tired from work.,женищина-DEF.SG устать-PST.3[SG] работать-DEF.SG.GEN в.ABL,Женщина устала от работы.,,
38,Moksha,24,alternate,inksa_GEN,ava-s' siz'ə-s' rabota-t' inksə,woman-DEF.SG get_tired-PST.3[SG] work-DEF.SG.GEN because_of,The woman is tired from work.,женищина-DEF.SG устать-PST.3[SG] работать-DEF.SG.GEN из-за,Женщина устала от работы.,,
38,Moksha,24,alternate,n.a.,ava-s' siz'ə-s' rabata-m-stə,woman-DEF.SG get_tired-PST.3[SG] work-INF-EL,The woman got tired while working.,женищина-DEF.SG устать-PST.3[SG] работать-INF-EL,"Женщина устала, работая.","This translation is not included in the database because the causing event is expressed as a dependent clause, not a noun phrase.",
38,Moksha,24,alternate,CSL,ava-s' siz'ə-s' rabatama-nksə,woman-DEF.SG.GEN get_tired-PST.3[SG] work-NZR-CSL,The woman is tired from work.,женщина-DEF.SG.GEN устать-PST.3[SG] работать-NZR-CSL,Женщина устала от работы.,,
38,Moksha,25,main,inksa_GEN,avas' af matəd-əv-I s'ɛs'kə-n'ə-n' inksə,woman-DEF.SG woman-DEF.SG fall_asleep-PASS-NPST.3[SG] mosquito-DEF.PL-GEN because_of,The woman can’t sleep because of the mosquitoes.,женщина-DEF.SG NEG уснуть-PASS-NPST.3[SG] комар-DEF.PL-GEN из-за,Женщина не может заснуть из-за комаров.,,
38,Moksha,25,alternate,ezda_GEN,avas' af matəd-əv-I s'ɛs'kə-n'ə-n' ezdə ,woman-DEF.SG woman-DEF.SG fall_asleep-PASS-NPST.3[SG] mosquito-DEF.PL-GEN in.ABL,The woman can’t sleep because of the mosquitoes.,женщина-DEF.SG NEG уснуть-PASS-NPST.3[SG] комар-DEF.PL-GEN в.ABL,Женщина не может заснуть из-за комаров.,,
38,Moksha,25,alternate,CSL,avas' af matəd-əv-I s'ɛs'kə-nksə ,woman-DEF.SG woman-DEF.SG fall_asleep-PASS-NPST.3[SG] mosquito-CLS,The woman can’t sleep because of the mosquitoes.,женщина-DEF.SG NEG уснуть-PASS-NPST.3[SG] комар-CLS,Женщина не может заснуть из-за комаров.,,
38,Moksha,25,alternate,DAT,avas' af matəd-əv-i s'ɛs'kə-n'd'i,woman-DEF.SG woman-DEF.SG fall_asleep-PASS-NPST.3[SG] mosquito-PL.DAT,The woman can’t sleep because of the mosquitoes.,женщина-DEF.SG NEG уснуть-PASS-NPST.3[SG] комар-PL.DAT,Женщина не может заснуть из-за комаров.,,
38,Moksha,26,main,inksa_GEN,vec' n'ɛj-ev-i valctə kof-t' inksə ,water.DEF.SG see-PASS-NPST.3[SG] light.EL month-DEF.SG.GEN because_of,The water appears bright because of the moon.,вода.DEF.SG видеть-PASS-NPST.3[SG] светлый.EL месяц-DEF.SG.GEN из-за,Вода кажется светлой из-за луны.,,
38,Moksha,27,main,inksa_GEN,al'ɛ-s' udačnaj jaka-s' oxota-s pin'ə-nc inksə,man-DEF.SG successful walk-PST.3[SG] hunting-ILL dog-3SG.POSS.SG.GEN because_of,The man went hunting successfully because of the dog.,мужчина-DEF.SG удачный ходить-PST.3[SG] охота-ILL собака-3SG.POSS.SG.GEN из-за,Мужчина удачно сходил на охоту из-за собаки.,,
38,Moksha,28,main,langs_GEN,ava-s' kɛžijɛ-s' mər'd'-ənc langs ,woman-DEF.SG be_angry-PST.3[SG] husband-3SG.POSS.SG.GEN top-ILL,The wife got angry at her husband.,женщина-DEF.SG сердиться-PST.3[SG] муж-3SG.POSS.SG.GEN верх-ILL,Жена рассердилась на мужа.,,
38,Moksha,29,main,inksa_GEN,ava-s' pozdanda-z'ə rabota-mə mər'd'-ənc inksə ,woman-DEF.SG late-PST.3SG.O.3SG.S work-INF husband-3SG.POSS.SG.GEN because_of,The woman was late for work because of her husband.,женщина-DEF.SG опоздать-PST.3SG.O.3SG.S работать-INF муж-3SG.POSS.SG.GEN из-за,Женщина опоздала на работу из-за мужа.,,
38,Moksha,30,main,inksa_GEN,lomat'-t'n'ə kulə-s'-t' moda-t' šer̥'k-əma-nc inksə ,human-DEF.PL die-PST.3-PL earth-DEF.SG.GEN shake-NZR-3SG.POSS.SG.GEN because_of,People died because of the earthquake.,человек-DEF.PL умереть-PST.3-PL земля-DEF.SG.GEN трясти-NZR-3SG.POSS.SG.GEN из-за,Люди погибли из-за землетрясения.,,
38,Moksha,30,alternate,CSL,lomat'-t'n'ə kulə-s'-t' moda-t' žer'k-əma-nsə,human-DEF.PL die-PST.3-PL earth-DEF.SG.GEN shake-NZR-CSL,People died because of the earthquake.,человек-DEF.PL умереть-PST.3-PL земля-DEF.SG.GEN трясти-NZR-CSL,Люди погибли из-за землетрясения.,,
38,Moksha,30,alternate,n.a.,moda-n' žer̥'k-əma-s' kulə-ft-əz'n'ə loma-t'n'ə-n' ,earth-GEN shake-NZR-DEF.SG die-CAUS-PST.3PL.O.3SG.S human-DEF.PL-GEN,The earthquake led to people’s deaths.,земля-GEN трясти-NZR-DEF.SG умереть-CAUS-PST.3PL.O.3SG.S человек-DEF.PL-GEN,Землетрясение привело к гибели людей.,This translation is not included in the database because the expected causal noun phrase is expressed as the grammatical subject.,
38,Moksha,31,main,ezda_GEN,s'embə beda-t'n'ə lomat'-n'ə-n' ezdə,all trouble-DEF.PL human-DEF.PL-GEN in.ABL,All troubles happen because of humans.,все беда-DEF.PL человек-DEF.PL-GEN в.ABL,Все беды происходят из-за человека.,,
38,Moksha,32,main,ezda_GEN,operacija-t' ezdə al'ɛ-s' osnava-s' lac n'ɛj-əmə,surgery-DEF.SG.GEN in.ABL man-DEF.SG begin-PST.3[SG] fine see-INF,The man’s vision improved thanks to the surgery.,операция-DEF.SG.GEN в.ABL мужчина-DEF.SG начать-PST.3[SG] хорошо видеть-INF,Мужчина стал лучше видеть благодаря операции.,,
38,Moksha,32,alternate,inksa_GEN,operacija-t' inksə al'ɛ-s' osnava-s' lac n'ɛj-əmə,surgery-DEF.SG.GEN because_of man-DEF.SG begin-PST.3[SG] fine see-INF,The man’s vision improved thanks to the surgery.,операция-DEF.SG.GEN из-за мужчина-DEF.SG начать-PST.3[SG] хорошо видеть-INF,Мужчина стал лучше видеть благодаря операции.,,
38,Moksha,32,alternate,mela_ABL,operacija-də mel'ə al'ɛ-s' osnava-s' lac n'ɛj-əmə,surgery-ABL after man-DEF.SG begin-PST.3[SG] fine see-INF,The man’s vision improved after the surgery.,операция-ABL после мужчина-DEF.SG начать-PST.3[SG] хорошо видеть-INF,Мужчина стал лучше видеть после операции.,,
38,Moksha,33,main,inksa_GEN,t'ɛ al'ɛ-t' inksə ava-s' er'ɛ-j,this man-DEF.SG.GEN in.ABL woman-DEF.SG live-NPST3[SG],The woman is alive thanks to this man.,этот мужчина-DEF.SG.GEN в.ABL женщина-DEF.SG жить-NPST3[SG],Женщина жива благодаря этому мужчине.,,
38,Moksha,34,main,CSL,al'ɛ-s' az-əz'ə t'ɛ-n' ava-ncti glupajši-nksə,man-DEF.SG say-PST.3SG.O.3SG this-GEN wife-3SG.POSS.SG.DAT stupidity-CLS,The man told his wife this out of foolishness.,мужчина-DEF.SG сказать-PST.3SG.O.3SG этот-GEN жена-3SG.POSS.SG.DAT глупость-CLS,Мужчина сказал это жене по глупости.,,
38,Moksha,35,main,EL,ava-s' gur'ks-t' af van-ft-əma-stə,woman-DEF.SG slip up-PST.3[SG] NEG look-CAUS-NZR-EL,The woman slipped due to carelessness.,женщина-DEF.SG подскользнуться-PST.3[SG] NEG смотреть-CAUS-NZR-EL,Женщина поскользнулась по неосторожности.,,
38,Moksha,36,main,n.a.,letčik-s' maštəz' ozaft-əz'e samolet-t',pilot-DEF.SG.GEN skillfully plant-PST.3.O.3PL.S airplane-DEF.SG.GEN,The pilot skillfully landed the plane.,летчик-DEF.SG.GEN умело сажать-PST.3.O.3PL.S самолет-DEF.SG.GEN,Летчик умело посадил самолет.,"This translation is not included in the database because the causing event is expressed as an adverb, not a nominal phrase.",
38,Moksha,37,main,n.a.,n.a.,n.a.,n.a.,n.a.,n.a.,No satisfactory translation has been obtained.,
38,Moksha,38,main,inksa_GEN,vojna ping-stə lomat'-n'ə vačəši-t' inksə jarca-s'-t' juv-də ,war time-EL human-DEF.PL famine-DEF.SG.GEN in.ABL eat-PST.3-PL chaff-ABL,"During the war, people ate grass out of hunger.",война время-EL человек-DEF.PL голод-DEF.SG.GEN в.ABL есть-PST.3-PL мякина-ABL,Во время войны люди с голода ели траву.,,
38,Moksha,38,alternate,ezda_GEN,vojna ping-stə lomat'-n'ə vačəši-t' ezdə jarca-s'-t' juv-də ,war time-EL human-DEF.PL famine-DEF.SG.GEN because_of eat-PST.3-PL chaff-ABL,"During the war, people ate grass out of hunger.",война время-EL человек-DEF.PL голод-DEF.SG.GEN из-за есть-PST.3-PL мякина-ABL,Во время войны люди с голода ели траву.,,
38,Moksha,39,main,EL,vrednajši-stə-nzə ava-s' suva-s' potm-u,trust-EL.3SG.POSS woman-DEF.SG enter-DEF.SG interior-LAT,The woman went inside out of spite.,вердный-EL.3SG.POSS женщина-DEF.SG войти-DEF.SG внутренность-LAT,Женщина зашла внутрь из вредности.,,
38,Moksha,39,alternate,CSL,vrednajši-nksə ava-s' suva-s' potm-u,harmful-CSL woman-DEF.SG enter-DEF.SG interior-LAT,The woman went inside out of spite.,вредный-CSL женщина-DEF.SG войти-DEF.SG внутренность-LAT,Женщина зашла внутрь из вредности.,,
38,Moksha,40,main,CSL,al'ɛ-s' šav-əz'ə ava-nc korod-əma-nksə,man-DEF.SG kill-PST.3SG.O.3SG.S woman-3SG.POSS.SG.GEN be_jealous-NZR-CSL,The man killed his wife out of jealousy.,мужчина-DEF.SG убить-PST.3SG.O.3SG.S женщина-3SG.POSS.SG.GEN ревновать-NZR-CSL,Мужчина убил жену из ревности.,,
38,Moksha,40,alternate,inksa_GEN,al'ɛ-s' šav-əz'ə ava-nc korod-əma-nc-t' inksə,man-DEF.SG kill-PST.3SG.O.3SG.S woman-3SG.POSS.SG.GEN be_jealous-NZR-DEF.SG.GEN because_of,The man killed his wife out of jealousy.,мужчина-DEF.SG убить-PST.3SG.O.3SG.S женщина-3SG.POSS.SG.GEN ревновать-NZR-DEF.SG.GEN из-за,Мужчина убил жену из ревности.,,
38,Moksha,41,main,CSL,al'ɛ-s' s'embə-n' az-əz'n'e falend-əma-nksə,man-DEF.SG all-GEN say-PST.3PL.O.3SG.S boast-NZR-CSL,The man told everyone about it out of boastfulness.,мужчина-DEF.SG все-GEN сказать-PST.3PL.O.3SG.S хвастаться-NZR-CSL,Мужчина всем об этом рассказал из хвастовства.,,
38,Moksha,41,alternate,inksa_GEN,al'ɛ-s' s'embə-n' az-əz'n'e falend-əma-t' inksə,man-DEF.SG all-GEN say-PST.3PL.O.3SG.S boast-NZR-DEF.SG because_of,The man told everyone about it out of boastfulness.,мужчина-DEF.SG все-GEN сказать-PST.3PL.O.3SG.S хвастаться-NZR-DEF.SG из-за,Мужчина всем об этом рассказал из хвастовства.,,
38,Moksha,42,main,ABL,kɛž-də ava-s' kola-z'n'ə s'embə kɛt'k-n'ə-n',anger-ABL woman-DEF.SG break-PST.3PL.O.3SG.S all vessel-DEF.PL-GEN,The woman broke all the dishes out of anger.,злость-ABL женщина-DEF.SG разбить-PST.3PL.O.3SG.S все посуда-DEF.PL-GEN,Женщина разбила всю посуду от злости.,,
38,Moksha,42,alternate,ABL,kɛž-də-nzə ava-s' kola-z'n'ə s'embə kɛt'k-n'ə-n',anger-ABL-3SG.POSS woman-DEF.SG break-PST.3PL.O.3SG.S all vessel-DEF.PL-GEN,The woman broke all the dishes out of anger.,злость-ABL-3SG.POSS женщина-DEF.SG разбить-PST.3PL.O.3SG.S все посуда-DEF.PL-GEN,Женщина разбила всю посуду от злости.,,
38,Moksha,42,alternate,inksa_GEN,kɛž-t' inksə ava-s' kola-z'n'ə s'embə kɛt'k-n'ə-n',anger-DEF.SG.GEN because_of woman-DEF.SG.GEN break-PST.3PL.O.3SG.S all vessel-DEF.PL-GEN,The woman broke all the dishes out of anger.,злость-DEF.SG.GEN из-за женщина-DEF.SG.GEN разбить-PST.3PL.O.3SG.S все посуда-DEF.PL-GEN,Женщина разбила всю посуду от злости.,,
38,Moksha,43,main,CSL,ava-s' mac' šča-f-stə ud-əmə jakšam-ənksə,woman-DEF.SG lie.PST.3[SG] put_on-PTCP.RES-EL sleep-INF cold-CSL,The woman went to sleep dressed because of the cold.,женщина-DEF.SG лечь.PST.3[SG] одеть-PTCP.RES-EL спать-INF холод-CSL,Женщина легла спать одетой из-за холода.,,
38,Moksha,43,alternate,inksa_GEN,ava-s' mac' šča-f-stə ud-əmə jakšam-t' inksə ,woman-DEF.SG lie.PST.3[SG] put_on-PTCP.RES-EL sleep-INF cold-DEF.SG.GEN because_of,The woman went to sleep dressed because of the cold.,женщина-DEF.SG лечь.PST.3[SG] одеть-PTCP.RES-EL спать-INF холод-DEF.SG.GEN из-за,Женщина легла спать одетой из-за холода.,,
38,Moksha,43,alternate,ezda_GEN,ava-s' mac' šča-f-stə ud-əmə jakšam-t' ezdə,woman-DEF.SG lie put_on-PTCP.RES-EL sleep-INF cold-DEF.SG.GEN cold.ABL,The woman went to sleep dressed because of the cold.,женщина-DEF.SG лечь одеть-PTCP.RES-EL спать-INF холод-DEF.SG.GEN в.ABL,Женщина легла спать одетой из-за холода.,,
38,Moksha,44,main,CSL,maša šna-z'ə daša-n' dobraj panar-ənksə,Мasha praise-PST.3SG.O.3SG.S Dasha-GEN good shirt-CSL,Masha praised Dasha for her beautiful shirt.,Маша хвалить-PST.3SG.O.3SG.S Даша-GEN хороший рубашка-CSL,Маша похвалила Дашу за красивую рубашку.,,
38,Moksha,45,main,inksa_GEN,maša šna-z'ə daša-n' dobraj panar-ənc inksə ,Мasha praise-PST.3SG.O.3SG.S Dasha-GEN good shirt-3SG.POSS.SG.GEN because_of,Masha praised Dasha for her beautiful shirt.,Маша хвалить-PST.3SG.O.3SG.S Даша-GEN хороший рубашка-3SG.POSS.SG.GEN из-за,Маша похвалила Дашу за красивую рубашку.,,
38,Moksha,45,alternate,inksa_GEN,al'ɛ-s' šav-əz'ə sosed-ənc son' plox val-ənzən inksə,father-DEF.SG beat-PST.3SG.O.3SG.S neighbor-3SG.POSS.SG.GEN he bad word-3SG.POSS.PL-GEN because_of,The father beat the neighbor for his words.,отец-DEF.SG бить-PST.3SG.O.3SG.S сосед-3SG.POSS.SG.GEN он плохой слово-3SG.POSS.PL-GEN из-за,Отец побил соседа за его слова.,,
38,Moksha,46,main,csl,it'-t'n'ə t'ur'-s'-t' top-ənksə ,child-DEF.PL fight-PST.3-PL ball-CSL,The children fought over the ball.,ребенок-DEF.PL драться-PST.3-PL мяч-CSL,Дети подрались из-за мяча.,,
38,Moksha,46,alternate,inksa_GEN,it'-t'n'ə t'ur'-s'-t'top-t' inksə,child-DEF.PL fight-PST.3-PL ball-DEF.SG.GEN because_of,The children fought over the ball.,ребенок-DEF.PL драться-PST.3-PL мяч-DEF.SG.GEN из-за,Дети подрались из-за мяча.,,
38,Moksha,47,main,CSL,al'ɛ-s' kɛz'ija-s' brad-ənc mar̥tə koz'ɛši-nksə,man-DEF.SG get_angry-PST.3[SG] brother-3SG.POSS.SG.GEN with wealth-CSL,The man quarreled with his brother over wealth.,мужчина-DEF.SG злиться-PST.3[SG] брат-3SG.POSS.SG.GEN с богатство-CSL,Мужчина поссорился с братом из-за богатства.,,
38,Moksha,47,alternate,inksa_GEN,al'ɛ-s' kɛz'ija-s' brad-ənc mar̥tə koz'ɛ-tn'ə-n' inksə ,man-DEF.SG get_angry-PST.3[SG] brother-3SG.POSS.SG.GEN wealth-DEF.PL-GEN because_of,The man quarreled with his brother over wealth.,мужчина-DEF.SG злиться-PST.3[SG] брат-3SG.POSS.SG.GEN богатство-DEF.PL-GEN из-за,Мужчина поссорился с братом из-за богатства.,,
38,Moksha,47,alternate,CSL,al'ɛ-s' s'alənc' brad-ənc mar̥tə kud-ənksə,man-DEF.SG swear.PST.3[SG] with house-CLS,The man quarreled with his brother over the house.,мужчина-DEF.SG ругаться.PST.3[SG] с дом-CLS,Мужчина поссорился с братом из-за дома.,,
38,Moksha,47,alternate,inksa_GEN,al'ɛ-s' s'alənc' brad-ənc mar̥tə kut-t' inksə,man-DEF.SG swear.PST.3[SG] with house-DEF.SG.GEN because_of,The man quarreled with his brother over the house.,мужчина-DEF.SG ругаться.PST.3[SG] с дом-DEF.SG.GEN из-за,Мужчина поссорился с братом из-за дома.,,
38,Moksha,48,main,inksa_GEN,ava-s' rama-z'ə t'ɛ kniga-t' risunka-t'n'ə-n' inksə,woman-DEF.SG buy-PST.3SG.O.3SG.S this book-DEF.SG.GEN drawing-DEF.PL-GEN because_of,The woman bought this book because of the illustrations.,женщина-DEF.SG купить-PST.3SG.O.3SG.S этот книга-DEF.SG.GEN рисунок-DEF.PL-GEN из-за,Женщина купила эту книгу из-за рисунков.,,
38,Moksha,49,main,CSL,ava-s' lotka-s' vasf-n'ə-m-də jalga-nc mar̥tə plox m'ɛl'-ənksə,woman-DEF.SG stop-PST.3[SG] meet friend-3SG.POSS.SG.GEN with bad desire-CSL,The woman didn’t meet her friend because of her bad mood.,женщина-DEF.SG перестать-PST.3[SG] встречать друг-3SG.POSS.SG.GEN с плохой желание-CSL,Женщина не стала встречаться с подругой из-за плохого настроения.,,
38,Moksha,49,alternate,inksa_GEN,ava-s' iz' karma-j vas'əd'-əmə jalga-nc mar̥tə kal'd'av nasrajenia-nc inksə,woman-DEF.SG NEG begin-NPST.3[SG] meet-INF other-3SG.POSS.SG.GEN bad mood-3SG.POSS.SG.GEN because_of,The woman didn’t meet her friend because of her bad mood.,женщина-DEF.SG NEG начать-NPST.3[SG] встречаться-INF друг-3SG.POSS.SG.GEN плохой настроение-3SG.POSS.SG.GEN из-за,Женщина не стала встречаться с подругой из-за плохого настроения.,,
38,Moksha,49,alternate,CSL,ava-s' iz' karma-j vas'əd'-əmə jalga-nc mar̥tə kal'd'əv nasrajenija-nksə,woman-DEF.SG NEG begin-NPST.3[SG] meet-INF other-3SG.POSS.SG.GEN bad mood-CSL,The woman didn’t meet her friend because of her bad mood.,женщина-DEF.SG NEG начать-NPST.3[SG] встречаться-INF друг-3SG.POSS.SG.GEN плохой настроение-CSL,Женщина не стала встречаться с подругой из-за плохого настроения.,,
38,Moksha,50,main,koras_GEN,ved' lotk-n'e-n' kor'as n'ɛj-əv-I što piz'ə-s',water pit-DEF.PL-GEN according_to see-PASS-NPST.3[SG] what rain-NPST.3[SG],"Judging by the puddles, it rained last night.",вода яма-DEF.PL-GEN согласно видеть-PASS-NPST.3[SG] что дождить-NPST.3[SG],"Судя по лужам, ночью шел дождь.",,
38,Moksha,50,alternate,koras_GEN,vet'-n'ə-n' kor’as ve-t’ ul'-s' piz'əm,water-DEF.PL-GEN according night-DEF.SG.GEN be rain,"According to the water, there was rain last night.",вода-DEF.PL-GEN согласно ночь-DEF.SG.GEN быть дождь,"Согласно воде, ночью был дождь.",,
38,Moksha,51,main,koras_GEN,puzir̥-n'ə-n' kor'as vet' laka-s',bubble-DEF.PL-GEN  water boil-PST.3[SG],"According to the bubbles, the water has already boiled.",пузырь-DEF.PL-GEN согласно вода кипеть-PST.3[SG],"Согласно пузырькам, вода уже закипела.",,
38,Moksha,52,main,ezda_GEN,jakšam-t' ezdə suva-k kud-u,frost-DEF.SG.GEN frost.ABL enter-IMP.3SG.O.SG.S house-LAT,"Because it’s freezing, come into the house.",мороз-DEF.SG.GEN в.ABL войти-IMP.3SG.O.SG.S дом-LAT,"Из-за того, что мороз, заходи в дом.",,
38,Moksha,52,alternate,ABL,jakšam-də suva-k kud-u,frost-ABL enter-IMP.3SG.O.SG.S house-LAT,"Because you’re afraid of the cold, come into the house.",мороз-ABL войти-IMP.3SG.O.SG.S дом-LAT,"Из-за того, что боишься холода, заходи в дом.",,
38,Moksha,52,alternate,inksa_GEN,jaksam-t' inksə it'-t'n'ə suva-s'-t' kud-u ,frost-DEF.SG.GEN because_of child-DEF.PL enter-PST.3-PL house-LAT,"Because you’re afraid of the cold, come into the house.",мороз-DEF.SG.GEN из-за ребенок-DEF.PL войти-PST.3-PL дом-LAT,"Из-за того, что боишься холода, заходи в дом.",,
38,Moksha,53,main,n.a.,jakšamə! Kosa mon' svitər-z'ə,cold where me.GEN sweater-1SG.POSS.SG,"It’s cold, where is my sweater?",холодно где я.GEN свитер-1SG.POSS.SG,"Холодно, где мой свитер?","This translation is not included in the database because the causing event is expressed as a dependent clause, not a noun phrase.",
38,Moksha,53,alternate,ezda_GEN,bjakšamə-t' ezdə kosi mon' svitər-z'ə,cold-DEF.SG.GEN me.ABL where where.GEN sweater-1SG.POSS.SG,"It’s cold, where is my sweater?",холод-DEF.SG.GEN в.ABL где я.GEN свитер-1SG.POSS.SG,"Холодно, где мой свитер?",,
38,Moksha,54,main,koras_GEN,pravila-t' kor'as t'ɛ čisla-s' fka-də jomla af ul-i,rule-DEF.SG.GEN according_to this number-DEF.SG one-ABL small small be-NPST.3[SG],"According to the rule, this number cannot be less than one.",правило-DEF.SG.GEN согласно этот число-DEF.SG один-ABL маленький NEG быть-NPST.3[SG],"Согласно правилу, это число не может быть меньше единицы.",,
38,Moksha,54,alternate,koras_GEN,zakon-t' kor'as t’ejə-nzə čisla-s' fka-də jomla af ul-i,law-DEF.SG.GEN according_to according_to this number-DEF.SG one-ABL small small be-NPST.3[SG],"According to the law, this number cannot be less than one.",закон-DEF.SG.GEN согласно PRON.DAT-3SG.POSS этот число-DEF.SG один-ABL маленький NEG быть-NPST.3[SG],"Согласно закону, это число не может быть меньше единицы.",,
38,Moksha,54,alternate,koras_GEN,pravila-t' kor'as kaftə put-əm-s kaftə ul-i n'il'ə,rule-DEF.SG.GEN according_to two put-INF-ILL two be-NPST.3[SG] four,"According to the rule, two plus two is four.",правило-DEF.SG.GEN согласно два поставить-INF-ILL два быть-NPST.3[SG] четыре,"Согласно правилу, два плюс два четыре.",,